COOPID, YEAR, MONTH, DAY, PRECIPITATION, MAX TEMP, MIN TEMP, MEAN TEMP
83137,2011,5,2,0.00000,-99.90000,-99.90000, -99.90000
83137,2011,5,15,1.47000,-99.90000,-99.90000, -99.90000
